{
    "direction": "UP",
    "figures_set": [
        [
            [
                1,
                0
            ],
            [
                1,
                1
            ],
            [
                1,
                0
            ]
        ],
        [
            [
                0,
                1
            ],
            [
                1,
                1
            ],
            [
                1,
                0
            ]
        ],
        [
            [
                1,
                1
            ],
            [
                1,
                1
            ]
        ],
        [
            [
                1
            ],
            [
                1
            ],
            [
                1
            ],
            [
                1
            ]
        ],
        [
            [
                1,
                0
            ],
            [
                1,
                0
            ],
            [
                1,
                1
            ]
        ],
        [
            [
                1,
                0
            ],
            [
                1,
                1
            ],
            [
                0,
                1
            ]
        ]
    ],
    "numbers_of_known_figures": 1,
    "speed": 1,
    "direction_label": "\u0421\u043d\u0438\u0437\u0443-\u0412\u0432\u0435\u0440\u0445",
    "arrow_labels": {
        "MOVE-ARROWS": "\u0421\u0442\u0440\u0435\u043b\u043a\u0438 \u0412\u043b\u0435\u0432\u043e-\u0412\u043f\u0440\u0430\u0432\u043e",
        "SPEEDUP-ARROW": "\u0412\u0432\u0435\u0440\u0445",
        "TRANSPOND-ARROW": "\u0412\u043d\u0438\u0437"
    },
    "new_figure_side_label": "\u0412\u043d\u0438\u0437\u0443",
    "std_num": 20,
    "student_name": "\u0425\u0430\u0435\u0440\u0442\u0434\u0438\u043d\u043e\u0432 \u0410\u0434\u0435\u043b\u044c",
    "color": "Lime"
}