{
    "direction": "BOTTOM",
    "figures_set": [
        [
            [
                0,
                1
            ],
            [
                1,
                1
            ],
            [
                1,
                0
            ]
        ],
        [
            [
                1,
                1
            ],
            [
                1,
                1
            ]
        ],
        [
            [
                0,
                1
            ],
            [
                0,
                1
            ],
            [
                1,
                1
            ]
        ],
        [
            [
                1
            ],
            [
                1
            ],
            [
                1
            ],
            [
                1
            ]
        ],
        [
            [
                1,
                0
            ],
            [
                1,
                0
            ],
            [
                1,
                1
            ]
        ],
        [
            [
                1,
                0
            ],
            [
                1,
                1
            ],
            [
                0,
                1
            ]
        ]
    ],
    "numbers_of_known_figures": 3,
    "speed": 1,
    "direction_label": "\u0421\u0432\u0435\u0440\u0445\u0443-\u0412\u043d\u0438\u0437",
    "arrow_labels": {
        "MOVE-ARROWS": "\u0421\u0442\u0440\u0435\u043b\u043a\u0438 \u0412\u043b\u0435\u0432\u043e-\u0412\u043f\u0440\u0430\u0432\u043e",
        "SPEEDUP-ARROW": "\u0412\u043d\u0438\u0437",
        "TRANSPOND-ARROW": "\u0412\u0432\u0435\u0440\u0445"
    },
    "new_figure_side_label": "\u0412\u0432\u0435\u0440\u0445\u0443",
    "std_num": 7,
    "student_name": "\u041c\u0438\u043d\u0438\u0431\u0430\u0435\u0432 \u0420\u043e\u0431\u0435\u0440\u0442",
    "color": "Crimson"
}