{
    "direction": "RIGHT",
    "figures_set": [
        [
            [
                1,
                0
            ],
            [
                1,
                1
            ],
            [
                1,
                0
            ]
        ],
        [
            [
                0,
                1
            ],
            [
                1,
                1
            ],
            [
                1,
                0
            ]
        ],
        [
            [
                1,
                1
            ],
            [
                1,
                1
            ]
        ],
        [
            [
                1
            ],
            [
                1
            ],
            [
                1
            ],
            [
                1
            ]
        ],
        [
            [
                1,
                0
            ],
            [
                1,
                0
            ],
            [
                1,
                1
            ]
        ],
        [
            [
                1,
                0
            ],
            [
                1,
                1
            ],
            [
                0,
                1
            ]
        ]
    ],
    "numbers_of_known_figures": 1,
    "speed": 3,
    "direction_label": "\u0421\u043b\u0435\u0432\u0430-\u0412\u043f\u0440\u0430\u0432\u043e",
    "arrow_labels": {
        "MOVE-ARROWS": "\u0421\u0442\u0440\u0435\u043b\u043a\u0438 \u0412\u0432\u0435\u0440\u0445-\u0412\u043d\u0438\u0437",
        "SPEEDUP-ARROW": "\u0412\u043f\u0440\u0430\u0432\u043e",
        "TRANSPOND-ARROW": "\u0412\u043b\u0435\u0432\u043e"
    },
    "new_figure_side_label": "\u0421\u043b\u0435\u0432\u0430",
    "std_num": 6,
    "student_name": "\u041a\u043e\u0447\u043d\u0435\u0432 \u041c\u0430\u043a\u0441\u0438\u043c",
    "color": "Peru"
}